EDIFECS Edit,SNIP Level
0x39393AF,2
0x39392FC,2
0x39393A3,2
0x39393AE,2
0x39393B2,2
0x39393B5,2
0x393939B,2
0x39393AE,2
0x39393F8,4
0x39392DA,2
0x3939476,4
0x3939347,5
0x3939341,5
0x3938B85,4
0x3939323,5
0x393930D,2
0x39392DE,2
0x3939342,5
0x393930A,2
0x3939331,5
0x39393BB,2
0x39393E6,4
0x393945C,4
0x39393F5,4
0x393938C,2
0x3939390,2
0x393938D,2
0x393964C,5
0x3939631,5
0x3939643,2
0x393960A,5
0x393960C,5
0x3939619,5
0x3939650,5
0x3939618,5
0x3939622,5
0x3939614,5
0x3939650,5
0x3939613,5
0x393960D,5
0x393963E,4
0x3939640,4
0x39395EB,2
0x39395E7,2
0x3938B4F,4
0x393932B,5
0x3939391,2
0x3939331,5
0x393939D,5
0x39393E9,2
0x39395EE,2
0x3938B1E,4
0x39393C4,2
0x39392E7,2
0x3939470,2
0x39393D6,2
0x3938C49,4
0x3939336,5
0x393932C,5
0x39393B5,2
0x39393AD,2
0x39393BA,2
0x39393B8,2
0x39393B0,2
0x39393B7,2
0x39393E8,4
0x39393E1,2
0x3939619,5
0x39395DF,2
0x39393DF,4
0x393944A,4
0x39392D2,2
0x39392F4,2
0x393944D,2
0x3939470,2
0x39393B6,2
0x3938B79,4
0x393938A,2
0x3938B04,4
